Network,Station,Latitude,Longitude,Elevation_m,Site
AK,A19K,70.2043,-161.0713,24.0,"Wainwright, AK, USA"
AK,A21K,71.3221,-156.6175,5.0,"Barrow, AK, USA"
AK,A22K,71.0033,-154.9742,6.0,"Sinclair Lake, AK, USA"
AK,ALC2,63.3843,-143.7959,619.0,"Cathedral Hills Microwave 2, AK, USA"
AK,ALC3,63.6486,-144.0673,671.0,"Dot Lake Microwave 3, AK, USA"
AK,ALC4,63.8908,-145.1982,380.4,"Sawmill Creek, Alcan Hwy, AK, USA"
AK,ANM,64.5646,-165.3732,338.0,"Anvil Mountain, AK, USA"
AK,ATKA,52.2016,-174.1975,55.0,"Atka Island, AK, USA"
AK,B18K,69.3641,-161.8016,222.0,"Kokolik River, AK, USA"
AK,B20K,70.0079,-157.1599,74.6,"Meade River, AK, USA"
AK,B22K,70.34,-153.4196,49.7,"Teshekpuk Lake, AK, USA"
AK,BAE,61.1319,-148.1234,578.0,"Barry Arm East, AK, USA"
AK,BAGL,60.4896,-142.0915,1470.0,"Bagley Icefield, AK, USA"
AK,BAL,61.036,-142.3462,1318.0,"Baldy Mountain, AK, USA"
AK,BARK,60.403,-142.4934,1393.0,"Barkley Ridge, AK, USA"
AK,BARK,60.403,-142.4931,1389.6,"Barkley Ridge, AK, USA"
AK,BARN,61.0595,-141.6622,1689.0,"Barnard Glacier, AK, USA"
AK,BAT,61.1416,-148.1751,1027.0,"Barry Arm Top, AK, USA"
AK,BAW,61.1501,-148.1501,542.0,"Barry Arm West, AK, USA"
AK,BCP,59.9534,-139.6369,421.8,"Bancas Point, AK, USA"
AK,BE01,60.8043,-161.7708,8.0,Bethel on ground under building
AK,BE02,60.8045,-161.7713,8.0,Bethel in building
AK,BERG,60.3932,-143.7004,624.0,"Berg Lake, AK, USA"
AK,BESE,58.5792,-134.8559,867.0,"Bessie Mountain, AK, USA"
AK,BGLC,60.1205,-143.2841,10.0,"Bering Glacier BLM Camp, AK, USA"
AK,BMR,60.9677,-144.6051,842.0,"Bremner River, AK, USA"
AK,BPAW,64.0997,-150.9873,619.0,"Bear Paw Mountain, AK, USA"
AK,BRG1,63.5979,-145.8718,613.0,"North of Black Rapids Glacier, AK, USA"
AK,BRLK,59.7511,-150.9063,409.0,"Bradley Lake, AK, USA"
AK,BRSE,59.7417,-150.7414,541.0,"Bradley Lake South, AK, USA"
AK,BWN,64.1732,-149.2991,356.0,"Browne, AK, USA"
AK,C16K,68.2746,-165.3436,102.0,"Lisburne Hills, AK, USA"
AK,C18K,68.6483,-161.1943,845.0,"Utukok River, AK, USA"
AK,C19K,69.1049,-159.5874,745.0,"Lookout Ridge, AK, USA"
AK,C21K,69.1565,-154.7833,409.0,"Knifeblade Ridge, AK, USA"
AK,C23K,69.836,-150.6126,179.0,"Itkillik River, AK, USA"
AK,C26K,69.9175,-144.9122,139.0,"Camden Bay, AK, USA"
AK,C27K,69.626,-143.7114,392.0,"Jago River, AK, USA"
AK,CAPN,60.7683,-151.1539,47.0,"Captain Cook Nikiski, AK, USA"
AK,CARLO,63.5514,-148.8094,659.0,"Carlo Creek, AK, USA"
AK,CAST,63.4188,-152.0844,611.0,"Castle Rocks, AK, USA"
AK,CCB,64.6453,-147.8053,233.0,"Clear Creek Butte, AK, USA"
AK,CDVT,60.4936,-145.4696,152.0,"Cordova Airport, AK, USA"
AK,CHI,55.8218,-155.6225,203.0,"Chirikof Island, AK, USA"
AK,CHN,54.831,-159.5895,71.0,"Chernabura Island, AK, USA"
AK,CHUM,63.8827,-152.3152,217.0,"Lake Minchumina, AK, USA"
AK,CHX,60.0631,-141.1178,1085.0,"Chaix Hills, AK, USA"
AK,CNP,59.5251,-151.2373,564.0,"China Poot, AK, USA"
AK,COLD,67.2269,-150.2038,380.0,"Coldfoot, AK, USA"
AK,COLD,67.2278,-150.207,374.0,"Coldfoot Broadband, AK, USA"
AK,CRQ,60.7523,-143.0926,1392.3,"Cirque, AK, USA"
AK,CTG,60.9649,-141.3401,1507.9,"Chitna Glacier, AK, USA"
AK,CUT,62.4058,-150.2625,574.0,"Chulitna, AK, USA"
AK,CYK,60.0823,-142.4872,23.0,"Cape Yakataga, AK, USA"
AK,D17K,67.6988,-163.0831,172.0,"Noatak River, AK, USA"
AK,D20K,68.7132,-156.6132,577.0,"Etivluk River, AK, USA"
AK,D22K,68.8799,-152.6821,532.0,"Ayikyak River, AK, USA"
AK,D24K,69.1532,-148.8233,292.0,"Happy Valley, AK, USA"
AK,D25K,69.322,-146.3751,770.0,"Kavik River, AK, USA"
AK,DAM1,59.7554,-150.8513,354.0,"Bradley Dam 1, AK, USA"
AK,DAM2,59.7553,-150.8555,363.0,"Bradley Dam 2, AK, USA"
AK,DCPH,59.0906,-138.2154,674.0,"Deception Hills, AK, USA"
AK,DCPH,59.0905,-138.2139,669.0,"Deception Hills, AK, USA"
AK,DDM,63.7865,-145.8657,930.0,"Donnely Dome, AK, USA"
AK,DH34,63.0858,-146.3652,1295.0,"Denali Highway 34.5 miles W of Paxson, AK, USA"
AK,DH97,63.2662,-147.857,793.0,"Denali Highway 35 miles E of Cantwell, AK, USA"
AK,DHY,63.0753,-147.3759,1611.0,"Denali Highway, AK, USA"
AK,DIV,61.1292,-145.7749,941.4,"Divide Microwave, AK, USA"
AK,DOT,63.6487,-144.0674,673.0,"Dot Lake, AK, USA"
AK,E18K,67.4213,-160.6027,297.0,"Tukpahlearik Creek, AK, USA"
AK,E19K,67.4572,-157.2316,441.0,"Redstone River, AK, USA"
AK,E21K,68.4414,-153.9721,653.0,"Killik River, AK, USA"
AK,E22K,68.1343,-151.8132,772.0,"Anaktuvuk Pass, AK, USA"
AK,E24K,68.0748,-148.4868,847.0,"Your Creek, AK, USA"
AK,E25K,68.1207,-145.568,652.0,"Arctic Village, AK, USA"
AK,E27K,68.1861,-141.5951,654.0,"Coleen River, AK, USA"
AK,ER01,61.3237,-149.5412,198.0,"Skyline Family Fellowship, Eagle River, AK, USA"
AK,ER02,61.3166,-149.5721,104.0,"Eagle River Fire Station 11, Eagle River, AK, USA"
AK,ER03,61.3145,-149.5466,151.0,"Homestead School, Eagle River (established by UAA)"
AK,ER04,61.3453,-149.5476,119.0,"Fire Lake School, Eagle River (established by UAA)"
AK,EYAK,60.5487,-145.75,133.9,"Cordova Ski Area, AK, USA"
AK,F15K,65.7077,-164.6483,388.0,"North Star Ditch, AK, USA"
AK,F18K,66.6001,-159.6514,27.0,"Selawik, AK, USA"
AK,F20K,67.0486,-155.7251,136.0,"Avaraart Lake, AK, USA"
AK,F21K,67.2221,-153.483,597.0,"Alatna River, AK, USA"
AK,FA01,64.8348,-147.9371,263.0,"Chena-GS Fire Station, Fairbanks, AK, USA"
AK,FA02,64.8456,-148.009,194.0,"Ester Fire Station, AK, USA"
AK,FA05,64.8393,-147.7516,135.0,"Denali Elem. School, Fairbanks, AK, USA"
AK,FA06,64.8461,-147.6957,136.0,"Nordale Education Center, Fairbanks, AK, USA"
AK,FA07,64.8267,-147.6946,135.0,"Arctic Light Elem. School, Fairbanks, AK, USA"
AK,FA09,64.8377,-147.8172,135.0,"DNR, Fairbanks, AK, USA"
AK,FA10,64.8186,-147.7784,133.0,"Bus Barn, Fairbanks, AK, USA"
AK,FA11,64.8536,-147.8382,137.0,"Cold Climate Housing Res. Cntr, Fairbanks, AK, USA"
AK,FA12,64.8269,-147.8684,436.0,"Watershed School, Fairbanks, AK, USA"
AK,FALS,54.8564,-163.4176,60.6,"False Pass, AK, USA"
AK,FIB,61.1656,-150.1775,62.0,"Fire Island, AK, USA"
AK,FID,60.7277,-146.5987,500.0,"Fidalgo, AK, USA"
AK,FIRE,61.1426,-150.2164,62.0,"Fire Island, AK, USA"
AK,FKM2,65.0019,-147.2992,477.0,Fort Knox Mine 2
AK,FYU,66.5657,-145.2342,137.0,"Fort Yukon, AK, USA"
AK,G17K,65.5011,-160.6514,338.0,"Kiwalik Mountain, AK, USA"
AK,G19K,66.1434,-157.087,391.0,"Purcell Mountains, AK, USA"
AK,G23K,66.7108,-150.0239,746.0,"Bananza Creek, AK, USA"
AK,G24K,66.7004,-147.4754,503.0,"Hadweenzic River, AK, USA"
AK,G27K,66.8088,-141.6549,686.0,"Doyon Strip, AK, USA"
AK,GAMB,63.7758,-171.7036,5.0,"Gambell, AK, USA"
AK,GCSA,64.7461,-156.8792,45.0,"Galena City School, AK, USA"
AK,GHO,61.771,-148.926,1032.0,"Gloryhole, AK, USA"
AK,GIB,64.859802,-147.849106,180.0,"Geophysical Institute, Fairbanks, AK"
AK,GLB,61.4417,-143.8123,854.9,"Gilahina Butte, AK, USA"
AK,GLI,60.8792,-147.0959,430.0,"Glacier Island, AK, USA"
AK,GLM,64.9878,-147.3975,709.0,"Gilmore Dome, AK, USA"
AK,GLM,64.9878,-147.3999,701.0,"Gilmore Dome, AK, USA"
AK,GOAT,60.5805,-144.7292,895.5,"Goat Mountain, AK, USA"
AK,GREN,63.9738,-145.6949,414.0,Ft. Greely North
AK,GRES,63.9451,-145.7281,414.0,Ft. Greely South
AK,GRIN,60.2805,-143.321,625.0,"Grindle Hills, AK, USA"
AK,GRNC,60.7315,-141.7558,2116.0,"Granite Creek, AK, USA"
AK,H16K,64.6379,-162.239,216.0,"Elim, AK, USA"
AK,H17K,64.937,-159.9126,396.0,"Granite Mountain, AK, USA"
AK,H20K,65.4924,-154.8808,514.0,"Anotleneega Mountain, AK, USA"
AK,H21K,65.6571,-152.805,520.0,"Melozitna River, AK, USA"
AK,H22K,65.8937,-151.3773,561.0,"Ishtalitna Creek, AK, USA"
AK,H23K,65.8251,-149.5432,617.0,"Yukon River, AK, USA"
AK,H24K,65.8371,-147.8781,814.0,"Noodor Dome, AK, USA"
AK,HARP,62.3986,-145.1567,583.0,"HAARP, AK, USA"
AK,HARP,62.3987,-145.1568,581.0,"HAARP, Gakona, AK, USA"
AK,HDA,64.4095,-146.9477,427.0,"Harding Lake, AK, USA"
AK,HDA,64.4091,-146.9482,437.0,"Harding Lake, AK, USA"
AK,HIN,60.396,-146.5035,622.9,"Hinchinbrook, AK, USA"
AK,HIWA,63.4588,-148.7787,793.0,"Hiwa, AK, USA"
AK,HMT,60.3351,-144.2623,629.0,"Hamilton, AK, USA"
AK,HOM,59.6572,-151.6515,221.0,"Homer Trailer, AK, USA"
AK,HUR,62.9768,-149.6388,543.0,"Hurricane, AK, USA"
AK,I21K,65.18,-151.9822,248.0,"Tanana, AK, USA"
AK,I23K,65.1479,-149.3603,149.0,"Minto, Yukon-Koyukuk, AK, USA"
AK,I26K,65.3064,-143.1541,338.0,"Coal Creek Mining Camp, AK, USA"
AK,I27K,65.6035,-141.6153,874.0,"Kandik River, AK, USA"
AK,ISLE,60.6024,-142.3406,1425.0,"Juniper Island, AK, USA"
AK,J17K,63.3965,-159.0777,323.0,"VABM Dome, AK, USA"
AK,J19K,63.994,-155.6214,389.0,"Poorman, AK, USA"
AK,J20K,64.1767,-154.1467,314.0,"Nowitna River, AK, USA"
AK,J25K,64.613,-145.3697,949.0,"Salcha River, AK, USA"
AK,J26L,64.5012,-143.5636,1144.0,"Joseph Creek, AK, USA"
AK,JIS,58.2758,-134.3848,10.0,"Juneau Island, AK, USA"
AK,JPK,61.0552,-146.5974,810.0,"Jack Peak, AK, USA"
AK,K13K,61.9331,-164.6555,204.2,"Kusilvak Mountain, AK, USA"
AK,K15K,62.2938,-161.5308,346.0,"Wolf Creek Mountain, AK, USA"
AK,K201,61.234402,-149.871201,36.0,"Anchorage, High Lat Monitoring Station, AK, USA"
AK,K202,61.223801,-149.809006,47.0,"Anchorage, Park and Recreation"
AK,K203,61.2201,-149.7453,79.0,"Anchorage, St Christopher Episcopal Church, AK, US"
AK,K204,61.1758,-150.011505,30.0,"Anchorage, Signature Flight Support, AK, USA"
AK,K205,61.1996,-149.913696,27.0,"Anchorage, ASD Data Processing Center, AK, USA"
AK,K205,61.199402,-149.916306,51.0,"Anchorage, West High School, AK, USA"
AK,K207,61.159599,-150.004501,35.0,"Anchorage, FCC Office, AK, USA"
AK,K208,61.1763,-149.9216,20.0,"Anchorage, Spenard Recreation Center, AK, USA"
AK,K209,61.184601,-149.747192,96.0,"Anchorage, Scenic Park Bible Church, AK, USA"
AK,K20K,63.3569,-154.07,548.0,"Telida, AK, USA"
AK,K210,61.1292,-149.931,17.0,"Anchorage, Mears Jr High School, AK, USA"
AK,K211,61.149101,-149.857803,34.0,"Anchorage, Fire Department HQ 12, AK, USA"
AK,K212,61.155602,-149.793396,70.0,"Anchorage, BLM Office, AK, USA"
AK,K213,61.1128,-149.8595,51.0,"Anchorage, ASD Operation Center, AK, USA"
AK,K214,61.1235,-149.7677,175.0,"Anchorage, OMalley Fire Station, AK, USA"
AK,K215,61.086201,-149.752106,284.0,"Anchorage, Rabbit Creek Fire Station, AK, USA"
AK,K216,61.0981,-149.6867,721.0,"Anchorage, AT&T Surface and Borehole, AK, USA"
AK,K217,61.396,-149.515503,72.0,"Chugiak Fire Station, AK, USA"
AK,K218,61.5926,-149.1332,87.0,"Palmer, National Tsunami Warning Center, AK, USA"
AK,K220,61.154,-150.0552,68.0,"Anchorage, Kincaid Park, AK, USA"
AK,K221,61.1525,-149.9512,38.0,"Anchorage, St. James Orthodox Church, AK, USA"
AK,K222,61.0876,-149.8366,39.0,"Anchorage, Chapel by the Sea, AK, USA"
AK,K223,61.2338,-149.8675,43.0,"Anchorage, Government Hill Elem. School, AK, USA"
AK,K24K,63.8036,-145.7784,724.0,"Donnelly Dome, AK, USA"
AK,K27K,64.0292,-142.0758,732.0,"Chicken, AK, USA"
AK,KAI,59.9268,-144.4188,316.0,"Kayak Island, AK, USA"
AK,KHIT,60.4427,-143.251,1101.0,"Khitrov Hills, AK, USA"
AK,KIAG,60.9231,-142.3605,1752.2,"Kiagna River, AK, USA"
AK,KLU,61.4924,-145.9227,1047.1,"Klutina Pass, AK, USA"
AK,KNK,61.4131,-148.4585,598.0,"Knik Glacier, AK, USA"
AK,KOTZ,66.8951,-162.6,10.0,"Kotzebue, AK, USA"
AK,KTH,63.5527,-150.9233,1172.0,"Kantishna Hills, AK, USA"
AK,KULT,60.2474,-142.7234,1006.0,"Kultieth River Mtn, AK, USA"
AK,L14K,61.3416,-162.6829,41.0,"Kuka Creek, AK, USA"
AK,L16K,61.7105,-159.4747,227.0,"Owhat River, AK, USA"
AK,L17K,62.1344,-158.2972,338.0,"Donlin, AK, USA"
AK,L18K,62.2195,-156.6886,329.0,"Granite Mountain, AK, USA"
AK,L19K,62.1816,-154.8543,650.0,"White Mountain, AK, USA"
AK,L20K,62.4787,-153.8798,673.0,"Farewell, AK, USA"
AK,L22K,62.5258,-150.7703,817.0,"Petersville, AK, USA"
AK,L26K,63.0254,-143.3478,650.0,"Log Cabin Wilderness Lodge, Tok, AK, USA"
AK,LOGN,60.824,-141.0048,1663.1,"Logan Glacier, AK, USA"
AK,M110,63.3055,-148.1869,792.0,"Denali Highway 25 miles E of Cantwell, AK, USA"
AK,M11K,60.3849,-166.2011,3.0,"Mekoryuk, AK, USA"
AK,M14K,60.7515,-161.96,19.0,"Bethel, AK, USA"
AK,M16K,61.0224,-158.9593,394.0,"Timber Creek, AK, USA"
AK,M19K,61.9037,-154.3915,521.0,"Big River Lodge, Big River, AK, USA"
AK,M20K,61.8823,-153.1318,1107.0,"Styx River, AK, USA"
AK,M23K,61.7929,-147.7262,583.0,"Glacier View, AK, USA"
AK,M26K,62.4013,-142.9963,888.0,"Nabesna, AK, USA"
AK,M27K,62.3579,-141.878,1536.0,"Edge Creek, AK, USA"
AK,MCAR,61.3836,-143.024,511.0,"McCarthy VSAT, AK, USA"
AK,MCAR,61.3836,-143.024,447.0,"McCarthy VSAT, AK, USA"
AK,MCK,63.7318,-148.9373,618.0,"McKinley Park, AK, USA"
AK,MCNT,64.8413,-147.8994,246.0,"Yak Road, Fairbanks, AK, USA"
AK,MDM,64.9602,-148.2319,631.0,"Murphy Dome, AK, USA"
AK,MEN,62.9096,-143.7952,713.8,"Mentasta Lake West, AK, USA"
AK,MEN1,62.928,-143.6452,718.0,"Mentasta Lake 1, AK, USA"
AK,MESA,60.1785,-141.9505,1919.0,"Mesa, AK, USA"
AK,MESA,60.1782,-141.9498,1907.0,"Mesa, AK, USA"
AK,MLR,62.816,-145.497,846.0,"Meier's Lake Roadhouse, AK, USA"
AK,MLY,65.0304,-150.7442,812.0,"Manley Hot Springs, AK, USA"
AK,MS01,61.5802,-149.4946,109.0,"Burchell High School, Wasilla (established by UAA)"
AK,MS02,61.5904,-149.7689,74.0,"Houston High School, Houston (established by UAA)"
AK,MS03,61.6091,-149.305,112.0,"Finger Lake School, Wasilla (established by UAA)"
AK,N15K,60.1686,-160.0921,449.0,"Kwethluk River, AK, USA"
AK,N18K,60.6801,-155.8897,572.0,"Kilae Creek, AK, USA"
AK,N19K,60.8132,-154.4838,1144.0,"Bonanza Creek NPS repeater, AK, USA"
AK,NEA,64.5922,-149.0706,456.0,"Nenana, AK, USA"
AK,NEA2,64.5928,-149.0694,450.0,"Nenana, AK, USA"
AK,NEB1,62.411,-143.0054,870.3,"End of Nabesna Road, AK, USA"
AK,NEB2,62.565,-143.4481,962.8,"Nabesna Road 2, AK, USA"
AK,NICH,60.2357,-143.9713,485.0,"Nichawak Mountain, AK, USA"
AK,NIKH,52.9721,-168.855,199.0,"Nikolski High Hill, AK, USA"
AK,NIKI,60.6726,-151.3523,41.0,"Nikiski AGDC plant, AK, USA"
AK,NIKO,52.9378,-168.8687,8.0,"Nikolski, AK, USA"
AK,NKA,60.7425,-151.2395,447.7,"Nikiski, AK, USA"
AK,NOTK,67.5795,-162.9714,24.0,"Noatak, AK, USA"
AK,NTW1,63.2321,-142.2979,533.0,"Midway Lake, AK, USA"
AK,NTW3,62.9618,-141.9353,522.0,"FAA, Northway village, AK, USA"
AK,NTW4,62.6719,-141.0689,593.0,"Northway junction, AK, USA"
AK,O14K,59.2533,-161.2638,129.0,"Tigyukauivet Mountain, AK, USA"
AK,O18K,59.8542,-155.208,544.0,"Koktuh Hills, AK, USA"
AK,O19K,60.1952,-154.3201,96.0,"Port Alsworth, AK, USA"
AK,O20K,60.0815,-152.624,915.0,"Slope Mountain, AK, USA"
AK,P08K,56.6011,-169.5484,36.0,"Saint George Island, AK, USA"
AK,P16K,59.0314,-157.9906,85.9,"Nushagak River, AK, USA"
AK,P17K,59.1953,-156.4394,91.0,"Kvichak River, AK, USA"
AK,P23K,59.9979,-147.4031,287.0,"Montague Island, AK, USA"
AK,PAL,56.2499,-134.6479,3.0,"Port Alexander, AK, USA"
AK,PAX,62.9699,-145.4699,1150.0,"Paxson, AK, USA"
AK,PIN,60.0959,-140.2525,975.0,"Pinnacle, AK, USA"
AK,PNL,59.667,-139.4014,586.0,"Peninsula, AK, USA"
AK,POKR,65.1171,-147.4335,501.0,"Poker Flat Research Range, AK, USA"
AK,PPD,65.5174,-145.5246,1505.0,"Porcupine Dome, AK, USA"
AK,PPLA,62.8962,-152.1894,1519.0,"Purkeypile, AK, USA"
AK,PRG,60.8626,-149.0222,29.9,"Portage, AK, USA"
AK,PS01,70.258,-148.6141,9.0,"TAPS Pump Station 1, AK, USA"
AK,PS04,68.4215,-149.3568,849.0,"TAPS Pump Station 4, AK, USA"
AK,PS05,66.8133,-150.6646,327.0,"TAPS Pump Station 5, AK, USA"
AK,PS06,65.8545,-149.7369,280.0,"TAPS Pump Station 6, AK, USA"
AK,PS07,65.3106,-148.2791,289.0,"TAPS Pump Station 7, AK, USA"
AK,PS08,64.5422,-146.8221,320.0,"TAPS Pump Station 8, AK, USA"
AK,PS09,63.9299,-145.7682,468.0,"TAPS Pump Station 9, AK, USA"
AK,PS10,63.4229,-145.7684,738.0,"TAPS Pump Station 10, AK, USA"
AK,PS11,62.0789,-145.4751,375.0,"TAPS Pump Station 11, AK, USA"
AK,PS12,61.4749,-145.1458,562.7,"TAPS Pump Station 12, AK, USA"
AK,PTPK,61.1871,-142.4672,1892.6,"Patty Peak Repeater, AK, USA"
AK,PWL,60.8584,-148.3334,550.0,"Port Wells, AK, USA"
AK,Q19K,58.9287,-153.6446,631.0,"Cape Douglas, AK, USA"
AK,Q23K,59.4296,-146.3399,46.0,"Middleton Island, AK, USA"
AK,R109,63.3953,-148.6468,808.0,"West end of Denali Hwy, AK, USA"
AK,R16K,57.5673,-157.5742,38.0,"Pilot Point, AK, USA"
AK,R18K,57.5665,-154.4524,39.0,"Karluk, AK, USA"
AK,R32K,58.2747,-134.5181,386.0,"Eaglecrest, AK, USA"
AK,RAG,60.3863,-144.6773,752.0,"Ragged Mountain, AK, USA"
AK,RBR,63.3109,-145.6871,851.0,"Rainbow Ridge, AK, USA"
AK,RC01,61.0889,-149.739,390.0,"Rabbit Creek, AK, USA"
AK,RDOG,68.0541,-162.908,423.0,"Red Dog Mine, AK, USA"
AK,RICH,63.765,-145.7799,711.0,"Donnely Dome, AK, USA"
AK,RIDG,63.7399,-144.8462,871.0,"Independent Ridge, AK, USA"
AK,RKAV,60.2994,-141.3478,1647.0,"Rock Avalanche, AK, USA"
AK,RND,63.4056,-148.8602,993.6,"Reindeer, AK, USA"
AK,S15K,56.3058,-158.54,17.0,"Chignik Lagoon, AK, USA"
AK,S19K,57.2225,-153.2875,47.0,"Old Harbor, AK, USA"
AK,S31K,57.9616,-136.232,34.0,"Pelican, AK, USA"
AK,S32K,57.4688,-134.5763,26.0,"Killisnoo, AK, USA"
AK,SAMH,60.1294,-140.7828,1140.0,"Samovar Hills, AK, USA"
AK,SAW,61.807,-148.3316,781.0,"Sawmill, AK, USA"
AK,SCM,61.832,-147.329,1050.0,"Sheep Mountain, AK, USA"
AK,SCRK,63.9761,-143.9905,1375.0,"Sand Creek, AK, USA"
AK,SGA,60.5341,-145.2082,449.6,"Sherman Glacier, AK, USA"
AK,SII,56.5593,-154.1842,492.0,"Sitkinak Island Coast Guard, AK, USA"
AK,SKN,61.98,-151.5317,581.0,"Skwentna, AK, USA"
AK,SLK,60.5117,-150.2231,655.0,"Skilak Lake, AK, USA"
AK,SPIA,57.1766,-170.2478,71.0,"St Paul Island, AK, USA"
AK,SSN,61.4636,-150.7467,1306.0,"Susitna, AK, USA"
AK,SSP,60.1791,-142.8388,472.0,"Sunshine Point, AK, USA"
AK,STON,64.8612,-148.0212,382.0,"Ester, AK, USA"
AK,SUCK,60.072,-143.779,467.0,"Suckling Hills, AK, USA"
AK,SWD,60.1043,-149.4526,77.0,"Seward, AK, USA"
AK,TABL,60.4399,-141.1443,2050.0,"Table Mountain, AK, USA"
AK,TAPE,64.892845,-147.789047,320.0,"Goshawk Ln, Fairbanks, AK"
AK,TGL,60.7541,-142.8292,1266.4,"Tana Glacier, AK, USA"
AK,THY,63.4159,-145.7584,755.0,"Trims Highway, AK, USA"
AK,TNA,65.5598,-167.9267,74.0,"Tin City, AK, USA"
AK,TOK1,63.0226,-143.3452,676.0,"Tok Cabin 1 Tok cuttoff, AK, USA"
AK,TOK2,62.7143,-144.3038,767.0,"Tok cutoff 2, AK, USA"
AK,TOK3,62.5234,-144.8007,556.0,"MP 27 Tok cutoff, AK, USA"
AK,TOLK,68.6408,-149.5724,760.0,"Toolik Lake Research Station, AK, USA"
AK,TRAP,62.3346,-150.2461,142.3,"Trapper Creek, AK, USA"
AK,TRF,63.4502,-150.2893,1711.9,"Thorofare Mountain, AK, USA"
AK,TRF,63.4501,-150.2892,1709.9,"Thorofare Mountain, AK, USA"
AK,U33K,56.1146,-133.121,11.0,"Whale Pass, AK, USA"
AK,UAFE,64.8553,-147.8181,184.0,"UAF Engineering Building Array, AK, USA"
AK,UCM,63.9107,-148.8886,461.8,"Usibelli Coal Mine, AK, USA"
AK,UNV,53.8452,-166.5045,65.0,"Unalaska Valley, AK, USA"
AK,V35K,55.3279,-131.615,64.0,"Ketchikan, AK, USA"
AK,VMT,61.083,-146.368,97.0,"Valdez Marine Terminal, AK, USA"
AK,VRDI,61.2275,-143.4545,1909.4,"Verde Repeater, AK, USA"
AK,WAT1,62.8295,-148.5509,722.0,"Susitna Watana 1, AK, USA"
AK,WAT2,62.9628,-148.5855,1366.0,"Susitna Watana 2, AK, USA"
AK,WAT3,62.6812,-148.5377,1499.9,"Susitna Watana 3, AK, USA"
AK,WAT4,62.8349,-147.9421,1191.0,"Susitna Watana 4, AK, USA"
AK,WAT5,63.0624,-148.2286,1691.0,"Susitna Watana 5, AK, USA"
AK,WAT6,62.5808,-147.74,1681.0,"Susitna Watana 6, AK, USA"
AK,WAT7,62.8331,-148.8476,1232.0,"Susitna Watana 7, AK, USA"
AK,WAX,60.448,-142.8529,1003.0,"Waxell Ridge, AK, USA"
AK,WRH,64.4716,-148.0918,329.0,"Wood River Hill, AK, USA"
AK,YAH,60.3583,-141.751,2125.0,"Yahtse, AK, USA"
AK,YAKA,59.5123,-139.672,8.0,"Yakutat, AK, USA"
AK,YAN2,63.6559,-148.7749,781.0,"Yanert, AK, USA"
AV,ACH,58.21,-155.3281,960.0,"Angle Creek Headwaters, Katmai, Alaska"
AV,ADAG,51.98004,-176.60023,293.0,"Mount Adagdak, Regional Station, Alaska"
AV,ADKI,51.8617,-176.6448,6.0,"Adak Infrasound Array, Adak Island, Alaska"
AV,AHB,54.115339,-165.8161,411.0,"Akutan Harbor, Akutan Volcano, Alaska"
AV,AJAX,56.8887,-158.2238,967.0,"Aniakchak, Aniakchak Jack, Alaska"
AV,AKBB,54.0975,-165.9338,310.0,"Akutan Broad Bright, Akutan Volcano, Alaska"
AV,AKGG,54.1979,-165.9936,326.0,"Akutan Green Grass, Akutan Volcano, Alaska"
AV,AKHS,54.1533,-165.8868,553.0,"Akutan Hot Springs Bay, Akutan Volcano, Alaska"
AV,AKLV,54.162633,-165.95563,528.0,"Akutan Long Valley, Akutan Volcano, Alaska"
AV,AKMO,54.0903,-166.0126,277.0,"Akutan Morgan, Akutan Volcano, Alaska"
AV,AKRB,54.1292,-166.0708,334.0,"Akutan Reef Bight, Akutan Volcano, Alaska"
AV,AKS,54.11047,-165.69691,219.5,"Akutan Strait, Akutan Volcano, Alaska"
AV,AKSA,54.11047,-165.69691,219.5,"Akutan Strait, Akutan Volcano, Alaska"
AV,AKT,54.1349,-165.772,12.0,"Akutan School, Akutan Volcano, Alaska"
AV,AKV,54.12591,-165.96234,905.0,"Akutan Volcano, Akutan Volcano, Alaska"
AV,AMKA,51.3784,179.3019,116.0,"Amchitka Island, Regional Station, Alaska"
AV,ANCK,58.198743,-155.4955,865.0,"Angle Creek, Katmai Volcanic Cluster, Alaska"
AV,ANIA,56.9048,-158.2316,930.0,"Aniakchak Volcano, Aniakchak Crater, Alaska"
AV,ANNE,56.9119,-158.061,705.0,"Aniakchak Northeast, Alaska"
AV,ANNQ,56.932754,-158.113103,371.0,"Aniakchak Nanwaq, Alaska"
AV,ANNW,56.9656,-158.217,816.0,"Aniakchak North West, Alaska"
AV,ANON,56.919,-158.1737,445.0,"Aniakchak Anonymous, Alaska"
AV,ANPB,56.80157,-158.28265,662.0,"Aniakchak Plenty Bear, Alaska"
AV,ANPK,56.8409,-158.1283,972.0,"Aniakchak Peak, Alaska"
AV,ANRM,56.8962,-158.2337,1037.0,"Aniakchak Rim, Alaska"
AV,ANSL,56.9316,-158.1384,344.0,"Aniakchak Surprise Lake, Alaska"
AV,ANVM,56.8858,-158.17509,591.3,"Aniakchak Vent Mountain, Alaska"
AV,AU11,59.359,-153.4826,234.0,"AU11, Augustine Volcano, Alaska"
AV,AU12,59.3829,-153.4542,210.0,"AU12, Augustine Volcano, Alaska"
AV,AU13,59.3458,-153.4364,518.0,"AU13, Augustine Volcano, Alaska"
AV,AU14,59.3705,-153.3992,303.0,"AU14, Augustine Volcano, Alaska"
AV,AU15,59.3501,-153.4879,168.0,"AU15, Augustine Volcano, Alaska"
AV,AU20,59.3696,-153.3563,102.0,"Augustine Mound, Augustine Volcano, Alaska"
AV,AU22,59.370595,-153.35506,105.0,"Augustine Mound, Augustine Volcano, Alaska"
AV,AUC,59.3593,-153.4268,1175.0,"Augustine Crater, Cook Inlet, Alaska"
AV,AUCH,59.3626,-153.4447,916.0,"Augustine Cone H, Augustine Volcano, Alaska"
AV,AUE,59.3711,-153.3773,168.0,"Augustine East, Augustine Volcano, Alaska"
AV,AUH,59.3632,-153.4454,890.0,"Dome H, Augustine Volcano, Alaska"
AV,AUI,59.3345,-153.4299,293.0,"Augustine Island, Cook Inlet, Alaska"
AV,AUJA,59.33956,-153.42258,376.0,"Augustine Junction, Augustine Volcano, Alaska"
AV,AUJK,59.34593,-153.41057,359.0,"Augustine Juergen Kienle, Augustine Volcano, Alaska"
AV,AUL,59.38218,-153.43765,327.0,"Lava Flow, Augustine Volcano, Alaska"
AV,AULG,59.3773,-153.5193,18.0,"Augustine Lagoon, Augustine Volcano, Alaska"
AV,AUNO,59.403992,-153.451444,30.5,"Augustine North, Augustine Volcano, Alaska"
AV,AUNW,59.3775,-153.479,160.0,"Augustine Northwest, Augustine Volcano, Alaska"
AV,AUP,59.3627,-153.4226,1033.0,"Augustine Pinnacle, Augustine Volcano, Alaska"
AV,AUQ,59.3549,-153.4143,647.0,"Augustine Qik'rtamen, Augustine Volcano, Alaska"
AV,AUR,59.3621,-153.4335,1225.0,"Augustine Rim, Cook Inlet, Alaska"
AV,AUS,59.3593,-153.4329,1226.0,"Augustine Summit, Cook Inlet, Alaska"
AV,AUSB,59.333,-153.4284,230.0,"Augustine South Buttress, Augustine Volcano, Alaska"
AV,AUSE,59.3407,-153.3997,152.0,"Augustine Southeast, Cook Inlet, Alaska"
AV,AUSS,59.358957,-153.431042,1211.0,"Augustine Summit Station, Augustine Volcano, Alaska"
AV,AUW,59.369413,-153.47295,300.0,"Augustine West, Augustine Volcano, Alaska"
AV,AUWS,59.35851,-153.46115,465.0,"Augustine West Swell, Augustine Volcano, Alaska"
AV,AZAC,56.8947,-158.2328,1057.0,"Aniakchak Zack, Alaska"
AV,BAEI,61.132128,-148.122216,588.3,"Barry Arm East Infrasound Array, Alaska"
AV,BAIS,61.119669,-148.157701,9.5,"Barry Arm Island Infrasound Array, Alaska"
AV,BATI,61.141745,-148.174948,1034.4,"Barry Arm Infrasound Campaign, Alaska"
AV,BGL,61.2663,-152.3913,1127.0,"Barrier Glacier, Mount Spurr, Alaska"
AV,BGM,59.392,-155.2315,625.0,"Big Mountain, Regional Station, Alaska"
AV,BGR,60.7569,-152.4199,985.0,"Barrier Glacier Two, regional station, Alaska"
AV,BKG,61.0696,-152.265,1009.0,"Blockade Glacier, Mount Spurr, Alaska"
AV,BLDW,55.190907,-162.787687,239.0,"Baldy Mountain West, Mount Dutton, Alaska"
AV,BLDY,55.1936,-162.7856,259.0,"Baldy Mountain, Mount Dutton, Alaska"
AV,BLHA,55.702988,-162.066971,399.0,"Black Hill, Pavlof Volcano, Alaska"
AV,BOGO,53.9291,-168.0347,5.0,"Bogoslof, Bogoslof Volcano, Alaska"
AV,BPBC,56.5889,-158.4547,584.0,"Black Peak Birthday Creek, Veniaminof, Alaska"
AV,BPPC,56.58428,-158.82578,856.8,"Black Peak Purple Crater, Alaska"
AV,BRPK,54.6446,-163.74286,402.3,"Brown Peak, Shishaldin Volcano, Alaska"
AV,CAHL,58.0518,-155.3036,807.0,"Cahill, Katmai, Alaska"
AV,CDD,58.9289,-153.6449,622.0,"Cape Douglas, Fourpeaked Volcano, Alaska"
AV,CEAP,52.0012,179.5758,244.0,"Anvil Peak, Cerberus Volcano, Alaska"
AV,CEPE,51.96442,179.64735,339.2,"Perret Ridge, Cerberus Volcano, Alaska"
AV,CERA,51.9058,179.6826,305.0,"Ragged Top, Cerberus Volcano, Alaska"
AV,CERB,51.93023,179.62785,324.3,"Cerberus Volcano, Cerberus Volcano, Alaska"
AV,CESW,51.8998,179.5613,238.0,"Southwest, Cerberus Volcano, Alaska"
AV,CETU,51.96491,179.49217,317.3,"Tuman Head, Cerberus Volcano, Alaska"
AV,CGL,61.3071,-152.009,1082.0,"Capps Glacier, Mt. Spurr, Alaska"
AV,CKL,61.1934,-152.3401,1281.0,"Chakachamna Lake, Mount Spurr, Alaska"
AV,CKN,61.2234,-152.1838,735.0,"Chakachatna North, Mt. Spurr, Alaska"
AV,CKT,61.2002,-152.2085,975.0,"Chakachatna Bend, Mt. Spurr, Alaska"
AV,CLCL,52.8827,-170.02417,353.6,"Carlisle Island, Cleveland Volcano, Alaska"
AV,CLCO,52.7866,-169.7229,137.0,"Concord Point, Cleveland Volcano, Alaska"
AV,CLES,52.8235,-169.8951,146.0,"Cleveland East, Cleveland Volcano, Alaska"
AV,CLNE,52.842481,-169.922345,328.0,"Cleveland Northeast, Cleveland Volcano, Alaska"
AV,CLSF,52.793592,-169.928134,121.0,"Cleveland South Flank, Cleveland Volcano, Alaska"
AV,CNTC,58.2638,-155.8858,1158.0,"Contact Creek, Katmai, Alaska"
AV,CP2,61.2625,-152.24185,1981.0,"Crater Peak 2, Mt. Spurr, Alaska"
AV,CRP,61.2664,-152.1578,1622.0,"Crater Peak, Mount Spurr, Alaska"
AV,DEER,54.97127,-162.32437,392.3,"Deer Island, Alaska"
AV,DFR,60.5913,-152.6882,1090.0,"Drift River, Redoubt, Alaska"
AV,DLL,59.136028,-158.614235,58.5,"Dillingham infrasound array site H1, Alaska"
AV,DOL,55.149621,-161.86472,453.0,"Dolgoi Island, Mount Dutton, Alaska"
AV,DRR3,54.966,-162.2631,457.0,"Deer Island, Mount Dutton, Alaska"
AV,DT1,55.10627,-162.28313,198.0,"Dutton Round Hill, Mount Dutton, Alaska"
AV,DTN,55.1448,-162.259,396.0,"Dutton Volcano, Alaska"
AV,EDCR,57.0717,-135.70076,636.0,"Edgecumbe Crater Ridge, Edgecumbe Volcano, Alaska"
AV,EDES,57.04388,-135.70921,286.0,"Edgecumbe East Side, Edgecumbe Volcano, Alaska"
AV,EDNW,57.063057,-135.783847,361.0,"Edgecumbe Northwest Ridge, Edgecumbe Volcano, Alaska"
AV,EDSO,57.02826,-135.78761,227.0,"Edgecumbe South, Edgecumbe Volcano, Alaska"
AV,ETKA,51.86187,-176.40565,248.0,"Kagalaska Island, Regional Station, Alaska"
AV,FONW,58.8341,-153.9204,905.0,"Fourpeaked Northwest, Fourpeaked Volcano, Alaska"
AV,FOPK,58.7574,-153.4762,546.0,"Fourpeaked Mountain, Fourpeaked Volcano, Alaska"
AV,FOSS,58.7987,-153.6971,1268.0,"Fourpeaked Summit, Fourpeaked Volcano, Alaska"
AV,GAEA,51.7819,-178.7488,326.0,"East, Gareloi Volcano, Alaska"
AV,GAKI,51.5534,-178.814,99.0,"Kavalga Island, Gareloi Volcano, Alaska"
AV,GALA,51.760629,-178.77365,313.0,"Lava Point, Gareloi Volcano, Alaska"
AV,GANE,51.817787,-178.77859,300.0,"Northeast, Gareloi Volcano, Alaska"
AV,GANO,51.8192,-178.8058,451.0,"North, Gareloi Volcano, Alaska"
AV,GASW,51.777633,-178.856549,252.0,"Southwest, Gareloi Volcano, Alaska"
AV,GSCK,52.011509,-176.151768,360.0,"Cape Kiugilak, Great Sitkin Volcano, Alaska"
AV,GSIG,51.986385,-175.92501,409.0,"Igitkin Island, Great Sitkin Volcano, Alaska"
AV,GSMY,52.043035,-176.056699,404.0,"Middle Yoke Creek, Great Sitkin Volcano, Alaska"
AV,GSSP,52.09356,-176.17752,248.0,"Saddle Point, Great Sitkin Volcano, Alaska"
AV,GSTD,52.055797,-176.144777,865.0,"Triple Divide, Great Sitkin Volcano, Alaska"
AV,GSTR,52.094361,-176.05888,495.0,"Teapot Rock, Great Sitkin Volcano, Alaska"
AV,HAG,55.31687,-161.90451,518.2,"Hague Volcano, Pavlof Volcano, Alaska"
AV,HSB,54.1859,-165.9144,497.0,"Hot Springs, Akutan Volcano, Alaska"
AV,ILCB,59.82231,-153.02322,712.0,"Iliamna Chinitna Bay, Iliamna Volcano, Alaska"
AV,ILI,60.0807,-152.9606,771.0,"Iliamna Volcano, Alaska"
AV,ILLG,60.06885,-152.97855,975.0,"Iliamna Lateral Glacier, Iliamna Volcano, Alaska"
AV,ILNE,60.0573,-153.06354,1684.3,"Iliamna Northeast, Iliamna Volcano, Alaska"
AV,ILS,59.957,-153.0703,1125.0,"Iliamna South, Iliamna Volcano, Alaska"
AV,ILSW,59.9832,-153.1425,1318.0,"Iliamna Southwest, Iliamna Volcano, Alaska"
AV,ILW,60.059317,-153.13875,1676.0,"Iliamna West, Iliamna Volcano, Alaska"
AV,INE,60.0599,-153.0644,1634.0,"Iliamna North East, Iliamna Volcano, Alaska"
AV,ISLZ,54.7249,-163.7129,634.0,"Lazaref River, Shishaldin Volcano, Alaska"
AV,ISNN,54.83157,-163.78082,490.0,"Isanotski North, Isanotski, Alaska"
AV,ISTK,54.7312,-163.7083,704.0,"Isanotski, Shishaldin Volcano, Alaska"
AV,IVE,60.0163,-153.0185,1211.9,"Iliamna Volcano East, Iliamna Volcano, Alaska"
AV,IVS,60.0086,-153.083,2332.0,"Iliamna Volcano Summit, Iliamna Volcano, Alaska"
AV,KAB2,58.13116,-154.97616,908.0,"Katmai Barrier Ridge Two, Alaska"
AV,KABR,58.1304,-154.9705,940.0,"Katmai Barrier Ridge, Alaska"
AV,KABU,58.2702,-155.2843,1065.0,"Katmai Buttress Ridge, Alaska"
AV,KAHC,58.6483,-155.0081,1250.0,"Katmai Hardscrabble Creek, Alaska"
AV,KAHG,58.493726,-154.54667,910.0,"Katmai Hook Glacier, Alaska"
AV,KAIC,58.4843,-155.0479,734.0,"Katmai Ikaluik Glacier, Alaska"
AV,KAKN,58.2963,-155.0632,1049.0,"Knife Creek Promontory, Katmai, Alaska"
AV,KAPH,58.596689,-154.346679,907.0,"Katmai Pasha, Alaska"
AV,KARR,58.498123,-154.70383,609.0,"Katmai Rainbow River, Alaska"
AV,KAVE,58.19782,-155.02341,702.0,"Katmai Ventifact, Alaska"
AV,KAWH,58.383,-154.8013,777.0,"Katmai West Hook, Alaska"
AV,KBM,58.27467,-155.20517,687.0,"Katmai Baked Mountain, Alaska"
AV,KCE,58.2426,-155.1854,777.0,"Katmai Cerebus, Alaska"
AV,KCG,58.3069,-155.1135,762.0,"Knife Creek Glacier, Katmai, Alaska"
AV,KEL,58.44,-155.7407,975.0,"Katmai Kelez, Alaska"
AV,KENI,60.640864,-151.07108,17.0,"Kenai infrasound array, Kenai, Alaska"
AV,KICM,51.91896,-177.19559,173.0,"Cape Miga, Kanaga Volcano, Alaska"
AV,KIKV,51.878494,-177.17061,403.0,"Kanaga Volcano, Kanaga Volcano, Alaska"
AV,KIMD,51.761504,-177.235207,173.1,"MID Benchmark, Kanaga Volcano, Alaska"
AV,KINC,51.93147,-177.1275,203.0,"North Cape, Kanaga Volcano, Alaska"
AV,KIRH,51.89981,-177.0937,321.0,"Round Head, Kanaga Volcano, Alaska"
AV,KIWB,51.853,-177.15094,234.0,"Westway Bight, Kanaga Volcano, Alaska"
AV,KJL,58.0533,-155.5753,792.0,"Kejulik, Katmai, Alaska"
AV,KOFP,52.274,-174.0992,662.0,"Flat Point, Korovin Volcano, Alaska"
AV,KOKL,52.3221,-174.2022,758.0,"Mount Kliuchef, Korovin Volcano, Alaska"
AV,KOKV,52.3603,-174.1673,776.0,"Korovin Volcano, Korovin Volcano, Alaska"
AV,KONE,52.39246,-174.12157,247.0,"Northeast, Korovin Volcano, Alaska"
AV,KONW,52.3954,-174.2125,334.0,"Northwest, Korovin Volcano, Alaska"
AV,KOSE,52.3447,-174.0505,625.0,"Southeast, Korovin Volcano, Alaska"
AV,KOWE,52.36459,-174.25262,572.0,"West, Korovin Volcano, Alaska"
AV,KVT,58.38067,-155.29854,505.7,"Katmai Valley of 10,000 Smokes, Alaska"
AV,LSNW,51.96931,178.51482,264.3,"Northwest, Little Sitkin Volcano, Alaska"
AV,LSPA,51.9557,178.5714,335.0,"Pratt Point, Little Sitkin Volcano, Alaska"
AV,LSSA,51.9484,178.5112,549.0,"Saddle, Little Sitkin Volcano, Alaska"
AV,LSSE,51.93203,178.56697,308.8,"Southeast, Little Sitkin Volcano, Alaska"
AV,LVA,54.1609,-166.0337,457.0,"Lava Point, Akutan Volcano, Alaska"
AV,MAPS,53.808128,-166.94061,333.0,"Pakushin Southeast, Makushin Volcano, Alaska"
AV,MCIR,53.9505,-166.8942,800.0,"Makushin Cirque, Makushin Volcano, Alaska"
AV,MGLS,58.133437,-155.16262,509.0,"Mageik Landslide, Katmai, Volcanic Group,  Alaska"
AV,MGOD,53.793422,-166.878,667.0,"Gods Own Repeater Site, Makushin Volcano, Alaska"
AV,MMN,59.1845,-154.3389,442.0,"McNeil River, Regional Station, Alaska"
AV,MNAT,53.88291,-166.68574,384.0,"Nateekin Bay, Makushin  Volcano, Alaska"
AV,MREP,53.8096,-166.7476,785.0,"Repeater, Makushin Volcano, Alaska"
AV,MSOM,53.8154,-166.9385,146.0,"Julie Andrews, Makushin Volcano, Alaska"
AV,MSW,53.914796,-166.788006,423.0,"Switchbacks, Makushin Volcano, Alaska"
AV,MTBL,53.968,-166.6813,810.0,"Table Top, Makushin Volcano, Alaska"
AV,N20K,61.2001,-152.2089,991.0,"Chakachatna River, Mount Spurr, AK, USA"
AV,N25K,61.6061,-144.5982,1087.0,"Chitina, Valdez-Cordova, AK, USA"
AV,NCG,61.4031,-152.159,1244.0,"North Capps Glacier, Mount Spurr, Alaska"
AV,NCT,60.5621,-152.9293,1136.0,"North Crescent, Redoubt Volcano, Alaska"
AV,OKAK,53.4113,-168.36,165.0,"Cape Aslik 2, Okmok Caldera, Alaska"
AV,OKAS,53.4043,-168.3634,270.0,"Cape Aslik, Okmok Caldera, Alaska"
AV,OKBR,53.41915,-168.07471,452.0,"Big Rock, Okmok Caldera, Alaska"
AV,OKCB,53.4559,-168.1257,404.0,"New Cone D, Okmok Caldera, Alaska"
AV,OKCD,53.4293,-168.1143,459.0,"Cone D, Okmok Caldera, Alaska"
AV,OKCE,53.4261,-168.16629,516.0,"Cone E, Okmok Caldera, Alaska"
AV,OKCF,53.3948,-168.1382,685.0,"Cone F, Okmok Caldera, Alaska"
AV,OKER,53.4536,-168.0513,956.0,"East Rim, Okmok Caldera, Alaska"
AV,OKFG,53.41078,-167.91141,196.0,"Magazine Ridge, Fort Glenn, Okmok Caldera, Alaska"
AV,OKID,53.4764,-167.8182,437.0,"Mount Idak, Okmok Caldera, Alaska"
AV,OKIF,53.410298,-167.914317,218.4,"Okmok Infrasound Array, Umnak Island, Alaska"
AV,OKNC,53.4559,-168.12553,404.0,"New Cone D, Okmok Caldera, Alaska"
AV,OKNO,53.52769,-168.09396,460.9,"North Ridge, Okmok Caldera, Alaska"
AV,OKRE,53.5192,-168.1661,422.0,"Reindeer Point, Okmok Caldera, Alaska"
AV,OKSO,53.3565,-168.1619,460.0,"South, Okmok Caldera, Alaska"
AV,OKSP,53.2516,-168.2925,608.0,"Steeple Point, Okmok Caldera, Alaska"
AV,OKTU,53.3829,-168.0431,646.0,"Mount Tulik, Okmok Caldera, Alaska"
AV,OKWE,53.4711,-168.2418,445.0,"Weeping Wall, Okmok Caldera, Alaska"
AV,OKWR,53.4337,-168.2076,1017.0,"West Rim, Okmok Caldera, Alaska"
AV,OPT,59.6526,-153.2321,602.0,"Oil Point, Regional Station, Alaska"
AV,P18K,59.3922,-155.2292,680.0,"Big Mountain, AK, USA"
AV,P19K,59.6524,-153.2319,629.0,"Oil Pt, AK, USA"
AV,PDB,59.7841,-154.1917,360.0,"Pedro Bay, Regional Station, Alaska"
AV,PLBL,57.6991,-156.821,461.0,"Blue Mountain, Mt. Peulik Volcano, Alaska"
AV,PLK1,57.8012,-156.6093,78.0,"Mt. Peulik Volcano 1, Alaska"
AV,PLK2,57.7634,-156.3264,401.0,"Mt. Peulik Volcano 2, Alaska"
AV,PLK3,57.688,-156.2695,494.0,"Mt. Peulik Volcano 3, Alaska"
AV,PLK4,57.6314,-156.3598,1031.0,"Mt. Peulik Volcano 4, Alaska"
AV,PLK5,57.997,-156.88,49.0,"Mt. Peulik Volcano 5, Alaska"
AV,PLWL,58.0442,-156.3434,585.0,"Whale Mountain, Mt. Peulik Volcano, Alaska"
AV,PN7A,55.4329,-161.9973,838.0,"Pavlof North 7A, Pavlof Volcano, Alaska"
AV,PS1A,55.42002,-161.74385,283.5,"Pavlof South 1A, Pavlof Volcano, Alaska"
AV,PS4A,55.34597,-161.85651,329.8,"Pavlof South 4A, Pavlof Volcano, Alaska"
AV,PTHD,56.95167,-158.65016,18.97,"Port Heiden regional site, Aniakchak Volcano, Alaska"
AV,PV6,55.4528,-161.9205,747.0,"Pavlof North 6, Pavlof Volcano, Alaska"
AV,PV6A,55.507,-161.9714,352.0,"Pavlof North 6A, Pavlof, Alaska"
AV,PVV,55.37316,-161.79199,165.8,"Pavlof Volcano, Alaska"
AV,Q17K,58.2637,-155.8865,1165.0,"Contact Creek, Katmai, AK, USA"
AV,Q18K,58.6484,-155.0086,1250.0,"Katmai Hardscrabble Creek, AK, USA"
AV,Q20K,58.6097,-152.3942,180.0,"Shuyak Island, AK, USA"
AV,R17L,57.6313,-156.3599,524.0,"Mt. Peulik Volcano, AVO PLK4, AK, USA"
AV,RD01,60.4885,-152.7031,1831.0,"Broadband 01, Redoubt, Alaska"
AV,RD02,60.5208,-152.7376,1401.0,"Broadband 02, Redoubt, Alaska"
AV,RD03,60.4705,-152.8201,1607.0,"Broadband 03, Redoubt, Alaska"
AV,RDDF,60.5912,-152.6883,1134.0,"Drift River, Redoubt Volcano, Alaska"
AV,RDDR,60.5843,-152.5887,905.0,"Drift River, Redoubt Volcano, Alaska"
AV,RDE,60.5869,-152.5925,571.0,"East, Redoubt Volcano, Alaska"
AV,RDJH,60.5905,-152.8058,1414.0,"Juergen's Hut, Redoubt Volcano, Alaska"
AV,RDN,60.5224,-152.7401,1400.0,"North, Redoubt Volcano, Alaska"
AV,RDSO,60.4536,-152.7453,1556.9,"South, Redoubt Volcano, Alaska"
AV,RDT,60.5726,-152.4079,945.0,"Redoubt, Redoubt Volcano, Alaska"
AV,RDW,60.4821,-152.81,1813.0,"West, Redoubt Volcano, Alaska"
AV,RDWB,60.486807,-152.843634,1659.0,"West Buttress, Redoubt Volcano, Alaska"
AV,RED,60.4196,-152.7742,1071.0,"Redoubt Volcano, Redoubt Volcano, Alaska"
AV,REF,60.4888,-152.694,1641.0,"East Flank, Redoubt Volcano, Alaska"
AV,RSO,60.4616,-152.756,1921.0,"South, Redoubt Volcano, Alaska"
AV,S12K,55.702988,-162.066971,399.0,"Black Hills, AK, USA"
AV,S14K,56.2848,-159.5532,1059.0,"Fog Glacier, AK, USA"
AV,SDPI,55.3492,-160.4768,80.0,"Sand Point infrasound array, Unga Island, Alaska"
AV,SPBG,61.2591,-152.3722,1087.0,"Barrier Glacier, Mount Spurr, Alaska"
AV,SPBL,61.3764,-151.8947,927.0,"Spurr Beluga Lake, Mount Spurr, Alaska"
AV,SPCG,61.2913,-152.0228,1329.0,"Capps Glacier, Mount Spurr, Alaska"
AV,SPCL,61.1956,-152.3399,1274.0,"Chakachamna Lake, Mount Spurr, Alaska"
AV,SPCN,61.223675,-152.18403,733.3,"Chakachatna North, Mount Spurr, Alaska"
AV,SPCP,61.265465,-152.155495,1640.0,"Crater Peak Broadband, Mount Spurr, Alaska"
AV,SPCR,61.2003,-152.2091,984.0,"Chakachatna River, Mount Spurr, Alaska"
AV,SPNN,61.3662,-152.7012,1166.0,"North Nagishlamina, Mount Spurr, Alaska"
AV,SPNW,61.3465,-152.6062,1040.0,"Spurr Northwest, Mount Spurr, Alaska"
AV,SPU,61.1811,-152.0566,800.0,"Mount Spurr, Mount Spurr, Alaska"
AV,SPWE,61.27346,-152.559,1317.0,"Spurr West, Mount Spurr, Alaska"
AV,SSBA,54.771749,-164.12662,646.2,"Broadband A, Shishaldin Volcano, Alaska"
AV,SSLN,54.811351,-163.998557,789.6,"North, Shishaldin Volcano, Alaska"
AV,SSLS,54.70938,-163.99723,796.0,"South, Shishaldin Volcano, Alaska"
AV,SSLW,54.7709,-164.1234,636.0,"West, Shishaldin Volcano, Alaska"
AV,STLK,61.4982,-151.8349,945.0,"Strandline Lake, Mount Spurr Regional Station, Alaska"
AV,SYI,58.6094,-152.3935,149.0,"Shuyak Island, Alaska"
AV,TACS,51.8621,-178.1414,918.0,"Cape Sajaka, Tanaga Volcano, Alaska"
AV,TAFL,51.7555,-177.8998,186.0,"Flats, Tanaga Volcano, Alaska"
AV,TAFP,51.899,-177.9853,440.0,"Falls Point, Tanaga Volcano, Alaska"
AV,TANO,51.9146,-178.1228,269.0,"North, Tanaga Volcano, Alaska"
AV,TAPA,51.8144,-177.8148,640.0,"Point Aries, Tanaga Volcano, Alaska"
AV,TASE,51.834935,-178.03717,686.0,"Southeast, Tanaga Volcano, Alaska"
AV,TASO,51.85355,-178.1453,690.0,"South, Tanaga Volcano, Alaska"
AV,VNBL,56.30434,-159.2077,640.7,"Black Lake, Mount Veniaminof, Alaska"
AV,VNCG,56.20186,-159.48344,1199.1,"Cone Glacier, Mount Veniaminof, Alaska"
AV,VNFG,56.2849,-159.5532,1068.0,"Fog Glacier, Mount Veniaminof, Alaska"
AV,VNHG,56.2203,-159.1663,966.0,"Harpoon Glacier,Mount Veniaminof,  Alaska"
AV,VNKR,56.032021,-159.36805,620.0,"Kametolook River, Mount Veniaminof, Alaska"
AV,VNNF,56.2829,-159.3181,1153.0,"North Flank, Mount Veniaminof, Alaska"
AV,VNSG,56.125,-159.0875,761.0,"Slim Glacier, Mount Veniaminof, Alaska"
AV,VNSO,56.081522,-159.264433,649.5,"South, Mount Veniaminof, Alaska"
AV,VNSS,56.2259,-159.4569,1733.0,"Summit, Mount Veniaminof, Alaska"
AV,VNSW,56.07137,-159.56071,696.8,"Southwest, Mount Veniaminof, Alaska"
AV,VNWF,56.1509,-159.5643,1095.0,"West Flank, Mount Veniaminof, Alaska"
AV,WACK,61.9858,-144.3305,2280.0,"Chichokna Glacier, Mount Wrangell, Alaska"
AV,WANC,62.0027,-144.072,4190.0,"Wrangell North Crater,Mount Wrangell, Alaska"
AV,WASW,61.9277,-144.1745,2196.0,"Wrangell Southwest, Mount Wrangell, Alaska"
AV,WAZA,62.0746,-144.1544,2531.0,"Zanetti, Mount Wrangell, Alaska"
AV,WEBT,54.5902,-164.755,467.0,"Beartrack Creek, Westdahl Peak, Alaska"
AV,WECS,54.53,-164.7796,639.0,"Cape Sarichef, Westdahl Peak, Alaska"
AV,WESE,54.4723,-164.586,953.0,"Southeast, Westdahl Peak, Alaska"
AV,WESN,54.57184,-164.58054,552.5,"South, Westdahl Peak, Alaska"
AV,WESP,54.492371,-164.723326,977.0,"Westdahl Peak, Westdahl Peak, Alaska"
AV,WESS,54.4796,-164.7242,908.0,"Westdahl South, Westdahl Peak, Alaska"
AV,WFAR,54.5329,-164.7781,640.0,"Westdahl Faris Peak, Alaska"
AV,WHTR,60.77968,-148.72701,20.0,Whittier Infrasound Array
AV,WPOG,54.5964,-164.7454,445.0,"Westdahl Pogromni, Alaska"
AV,WTUG,54.8466,-164.3873,636.0,"Tugamak, Westdahl Peak, Alaska"
AV,YAN01,61.22137,-147.610609,581.0,"Yale Arm North 01, Alaska"
AV,YAN02,61.221915,-147.611801,536.0,"Yale Arm North 02, Alaska"
AV,YAN03,61.224284,-147.607924,414.0,"Yale Arm North 03, Alaska"
AV,YAREF,61.21593,-147.61687,737.0,"Yale Arm Reference Site, Alaska"
AV,YAS01,61.21168,-147.62761,642.0,"Yale Arm South 01, Alaska"
AV,YAS02,61.212454,-147.631271,530.0,"Yale Arm South 02, Alaska"
AV,YAS03,61.212788,-147.634677,406.0,"Yale Arm South 03, Alaska"
AV,ZRO,54.09163,-165.97798,441.7,"Zero, Akutan Volcano, Alaska"
CN,A11,47.2431,-70.1969,55.0,"St-Roch-Des-Aulnaies, QC, CA"
CN,A16,47.468,-70.0096,13.0,"Riviere Ouelle, QC, CA"
CN,A21,47.7045,-69.6892,47.0,"St-Andre, QC, CA"
CN,A54,47.4568,-70.4134,377.0,"Misere, QC, CA"
CN,A61,47.6936,-70.0914,380.0,"Sainte Mathilde, QC, CA"
CN,A64,47.8274,-69.8914,132.0,"Saint-Simeon, QC, CA"
CN,ALB,49.27,-124.8287,27.0,"Alberni, BC, CA"
CN,ALRN,82.4968,-62.3525,89.0,"CFB Alert, NU, NU, CA"
CN,ATIO,48.828,-91.595,403.0,"Atikokan, Ontario"
CN,ATKO,48.8231,-91.6004,382.7,"Atikokan Iron Mine, ON, CA"
CN,ATLI,59.5898,-133.7147,793.0,"Atlin, BC, CA"
CN,BAIB,52.5757,-131.7534,804.0,"Barry Inlet, BC, CA"
CN,BATG,47.2767,-66.0599,336.0,"Bathurst, NB, CA"
CN,BBB,52.1847,-128.1133,14.0,"Bella Bella, BC, CA"
CN,BCBC,52.372,-126.755,0.0,"Bella Coola, BC, CA"
CN,BCLQ,46.9264,-71.1727,147.0,"Boischatel, QC, CA"
CN,BFSB,48.8336,-125.136,33.0,"Bamfield, BC, CA"
CN,BIB,49.4103,-123.3105,38.0,"Bowen Island, BC, CA"
CN,BJBQ,50.2874,-62.8094,6.0,"Baie Johan Beetz, QC, CA"
CN,BLBC,52.044,-119.2439,2357.0,"Blue River, BC, CA"
CN,BLKN,64.3185,-96.0024,40.0,"Baker Lake, NU, CA"
CN,BMBC,56.0449,-122.1336,1092.0,"Bull Mountain, BC, CA"
CN,BMSB,48.8356,-125.1355,10.0,"Bamfield Marine Station, BC, CA"
CN,BMTB,56.0451,-122.1332,1099.0,"Bullhead Mountain, BC, CA"
CN,BNAB,53.4932,-130.6368,-19.0,"Bonilla, BC, CA"
CN,BNB,52.5758,-131.7522,756.0,"Barry Inlet, BC, CA"
CN,BOIB,49.3903,-123.3788,470.0,"Bowen Island, BC, CA"
CN,BOIN,46.4612,-66.4088,100.0,"Boiestown, NB, CA"
CN,BPBC,50.1571,-127.7721,729.0,"Brooks Peninsula, BC, CA"
CN,BPEB,50.1566,-127.7719,737.0,"Brooks Peninsula, BC, CA"
CN,BRWY,61.3704,-139.0338,802.5,"Burwash Landing, YT, CA"
CN,BSPQ,47.4418,-70.5056,9.0,"Baie-St-Paul, QC, CA"
CN,BTB,49.4686,-125.5226,1607.0,"Buttle Lake, BC, CA"
CN,BVCY,62.4141,-140.8606,708.0,"Beaver Creek, YT, CA"
CN,CACQ,47.9481,-69.4996,6.0,"Cacouna, QC, CA"
CN,CALQ,45.5858,-75.8084,262.0,"Cantley, QC, CA"
CN,CBB,50.0315,-125.3652,277.0,"Campbell River, BC, CA"
CN,CHEG,46.8083,-60.6745,443.0,"Cheticamp, NS, CA"
CN,CHIQ,48.4898,-71.0123,144.0,"Chicoutimi-Nord, QC, CA"
CN,CHRO,46.0376,-77.3794,180.0,"Chalk River, ON, CA"
CN,CLRN,70.4743,-68.5871,9.0,"Clyde River, NU, CA"
CN,CLRS,48.8203,-124.1309,174.0,"Cowichan Lake Research St, BC, CA"
CN,CNOQ,49.302,-68.0746,194.0,"Cote-Nord, QC, CA"
CN,CNQ,49.302,-68.0746,200.0,"Cote-Nord, QC, CA"
CN,COBO,45.6269,-76.8835,146.0,"Cobden, ON, CA"
CN,CRLO,46.0375,-77.3801,168.0,"Chalk River, ON, CA"
CN,CROWY,67.6136,-139.8717,564.0,"Old Crow, YT, CA"
CN,DAQ,47.9627,-71.2437,939.0,"Lac Daran, QC, CA"
CN,DAWY,64.0647,-139.3937,771.0,"Dawson, YT, CA"
CN,DI2B,53.2022,-132.4767,82.0,"Dawson Inlet, BC, CA"
CN,DIB,53.2025,-132.4767,68.0,"Dawson Inlet, BC, CA"
CN,DLBC,58.4368,-130.0304,976.0,"Dease Lake, BC, CA"
CN,DOWB,51.518,-118.517,592.0,"Downie Slide, BC, CA"
CN,DPQ,46.6803,-72.7771,179.0,"St-Jean-Des-Piles, QC, CA"
CN,DRLN,49.2562,-57.5032,241.0,"Deer Lake, NL, CA"
CN,DRMQ,45.8987,-72.4749,91.0,"Drummondville, QC, CA"
CN,EAGLY,66.3701,-136.7191,717.0,"Eagle Plains, YT, CA"
CN,EDB,49.873,-127.1216,150.0,"Eliza Dome, BC, CA"
CN,EDM,53.223,-113.3497,727.0,"Edmonton, AB, CA"
CN,EDMN,47.4607,-68.2398,186.0,"Edmundston, NB, CA"
CN,EDUN,47.3708,-68.3155,199.0,"Edmundston, NB, CA"
CN,EEO,46.641,-79.0735,121.3,"Eldee, ON, CA"
CN,EFO,43.0925,-79.3099,137.0,"Effingham, ON, CA"
CN,EPLO,49.6737,-93.7258,437.3,"Exp. Lake, ON, CA"
CN,ETB,49.3834,-126.5423,13.0,"Estevan Point, BC, CA"
CN,ETPB,49.3833,-126.543,0.0,"Estevan Point ETPB, BC, CA"
CN,EUNU,80.0532,-86.4158,623.0,"Eureka, NU, CA"
CN,FCC,58.7592,-94.0884,19.0,"Fort Churchill, MB, CA"
CN,FHBB,50.0605,-127.1146,12.0,"Fair Harbour, BC, CA"
CN,FNBB,58.8903,-123.0099,618.0,"Fort Nelson, BC, CA"
CN,FNSB,58.8061,-122.7328,440.0,"Fort Nelson, BC, CA"
CN,FRB,63.7469,-68.5451,25.0,"Iqaluit, NU, CA"
CN,FSB,54.4767,-124.3283,747.0,"Fort St. James, BC, CA"
CN,FSJB,54.4588,-124.2944,704.0,"Fort St James, BC, CA"
CN,GAC,45.7032,-75.4776,167.2,"Glen Almond, QC, CA"
CN,GBN,45.4079,-61.5128,47.0,"Guysborough, NS, CA"
CN,GDR,49.7805,-126.0557,123.0,"Gold River, BC, CA"
CN,GGN,45.1184,-66.842,28.0,"Saint George, NB, CA"
CN,GHNB,49.3065,-124.2364,5.0,"Greg House Nanoose, BC, CA"
CN,GOBB,48.9493,-123.5105,173.0,"Galiano Island, BC, CA"
CN,GRQ,46.6059,-75.8587,303.0,"Grand-Remous, QC, CA"
CN,GSQ,48.9142,-67.1106,398.0,"Grosses-Roches, QC, CA"
CN,GTO,49.7455,-86.9611,349.0,"Geraldton, ON, CA"
CN,GTOO,49.7451,-86.9613,359.0,"Geraldton, ON, CA"
CN,HAL,44.6378,-63.5912,65.0,"Halifax, NS, CA"
CN,HG1B,52.9345,-132.1307,5.0,"Mitchell Dam, BC, CA"
CN,HG3B,52.5766,-131.4435,10.0,"Hotspring, BC, CA"
CN,HG4B,52.2931,-131.1976,328.0,"Jedway, BC, CA"
CN,HGPB,53.2536,-132.118,34.0,"Parks Canada Compound, BC, CA"
CN,HGSB,53.2557,-132.1048,92.3,"Sids House Qcc, BC, CA"
CN,HLIO,44.366,-75.954,47.0,"Mallorytown, ON, CA"
CN,HNB,49.2745,-122.5792,183.0,"Haney, BC, CA"
CN,HNBB,49.2873,-122.5729,392.0,"Haney, BC, CA"
CN,HNYB,49.3055,-122.5793,425.0,"Haney, BC, CA"
CN,HOLB,50.6402,-128.1331,547.0,"Holberg, BC, CA"
CN,HOPB,49.3872,-121.4206,236.0,"Hope, BC, CA"
CN,HSNB,47.2769,-66.0601,337.0,"Heath Steele Mine, NB, CA"
CN,HWKO,45.6068,-74.6028,90.0,"Hawkesbury, ON, CA"
CN,HYT,60.8267,-137.5072,1373.0,"Haines Jct., YT, CA"
CN,ICQ,49.5223,-67.2715,58.0,"Islets-Caribou, QC, CA"
CN,IGL,69.3767,-81.8067,38.0,"Igloolik, NU, CA"
CN,ILON,69.3712,-81.8243,50.0,"Igloolik, NU, CA"
CN,INK,68.3065,-133.5254,44.0,"Inuvik, NT, CA"
CN,JAKH,18.2377,-72.518,47.0,"Jacmel, SE, HT"
CN,JEDB,52.2931,-131.1976,328.0,"Jedway, Haida Gwaii, BC, CA"
CN,KAPO,49.451,-82.5077,221.0,"Kapuskasing, ON, CA"
CN,KGNO,44.2272,-76.4934,89.0,"Kingston, ON, CA"
CN,KILO,48.4972,-79.7232,314.0,"Kirkland Lake, ON, CA"
CN,KIPQ,46.7919,-79.0567,274.0,"Kipawa, QC, CA"
CN,KUKN,67.8227,-115.0897,51.0,"Kugluktuk, NT, CA"
CN,KUQ,58.109,-68.4113,54.0,"Kuujjuaq, QC, CA"
CN,LDAQ,47.9636,-71.2443,934.0,"Lac Daran, QC, CA"
CN,LDSQ,45.7127,-76.3469,257.0,"Shawville, QC, CA"
CN,LG4Q,53.6262,-74.0961,151.0,"Lagrande4, QC, CA"
CN,LGNH,18.511,-72.6058,62.0,"LEOGANE, OU, HT"
CN,LIB,54.2558,-133.0583,35.0,"Langara Island, BC, CA"
CN,LLLB,50.609,-121.8815,700.0,"Lillooet, BC, CA"
CN,LMN,45.8544,-64.8063,365.0,"Caledonia Mtn., NB, CA"
CN,LMQ,47.5485,-70.3258,455.0,"La Malbaie, QC, CA"
CN,LZB,48.6122,-123.824,794.0,"Mount Lazard, BC, CA"
CN,MALO,50.0244,-79.7635,271.0,"Mcalpine Lake, ON, CA"
CN,MASB,54.0244,-132.0223,3.0,"Masset, BC, CA"
CN,MAYB,50.4025,-127.1737,1418.0,"Mount Maynard, BC, CA"
CN,MCA1,45.5946,-67.3301,137.0,"Mcadam, NB, CA"
CN,MCA2,45.5921,-67.3127,156.0,"Mcadam, NB, CA"
CN,MCA3,45.587,-67.3367,148.0,"Mcadam, NB, CA"
CN,MCA4,45.5983,-67.3267,90.0,"Mcadam, NB, CA"
CN,MCA5,45.6048,-67.327,123.0,"McAdam, NB, CA"
CN,MCMB1,52.8217,-123.819,1233.8,"Michelle Canyon Maxwell, BC, CA"
CN,MCNB,45.5958,-67.3198,167.0,"McAdam, NB, CA"
CN,MGB,48.9999,-124.697,1310.0,"Mount Grey, BC, CA"
CN,MGMB,50.6279,-123.4081,420.0,"Mountain Meager, BC, CA"
CN,MGRB,48.9997,-124.6971,1310.0,"Mount Grey, BC, CA"
CN,MNB,52.1976,-118.3887,2167.0,"Mount Dainard, BC, CA"
CN,MNQ,50.5333,-68.7744,564.0,"Manicouagan, QC, CA"
CN,MNT,45.5025,-73.6231,112.0,"Montreal, QC, CA"
CN,MNTQ,45.5003,-73.6228,112.0,"Montreal, QC, CA"
CN,MOBC,53.1437,-131.9663,704.0,"Moresby, BC, CA"
CN,MOBC2,53.1442,-131.9674,675.0,"Moresby Haida Gwaii, BC, CA"
CN,MOQ,45.3115,-72.2409,845.0,"Mont-Orford, QC, CA"
CN,MORQ,45.3118,-72.2407,840.0,"Mont Orford, QC, CA"
CN,MRBQ,45.7972,-73.9852,97.0,"Mirabel, QC, CA"
CN,MRHQ,45.887,-74.2127,422.0,"Morin Heights, QC, CA"
CN,MYRA,49.551,-125.5705,632.0,"Myra Falls, BC, CA"
CN,NAB,49.2221,-124.0042,258.0,"Nanaimo, BC, CA"
CN,NANO,50.3543,-86.9684,309.0,"Aroland Nakina, ON, CA"
CN,NATG,50.2872,-62.8102,-1.8,"Baie Johan Beetz, QC, CA"
CN,NCRB,50.4035,-126.0553,1293.0,"Newcastle Ridge, BC, CA"
CN,NCSB,50.4031,-126.0559,1297.0,"Newcastle Ridge, BC, CA"
CN,NDB,53.9538,-132.9399,687.0,"Naden, BC, CA"
CN,NINL,56.5374,-61.6882,38.0,"Nain, NL, CA"
CN,NLLB,49.2271,-123.9882,199.0,"Nanaimo Lost Lake, BC, CA"
CN,NTKA,49.5924,-126.6166,12.0,"Nootka, BC, CA"
CN,ORIO,45.4515,-75.511,74.0,"Orleans Innes Road, ON, CA"
CN,OTAO,45.4069,-75.5526,21.0,"Ottawa Anderson Road, ON, CA"
CN,OTT,45.3939,-75.7148,64.0,"Ottawa, ON, CA"
CN,OZB,48.9612,-125.4978,626.0,"Mt. Ozzard, BC, CA"
CN,PABB,49.2188,-124.8114,36.0,"Port Alberni, BC, CA"
CN,PACB,50.4355,-127.4925,24.0,"Port Alice, BC, CA"
CN,PAPH,18.5225,-72.2993,269.0,"Port au Prince, OU, HT"
CN,PAULN,69.3475,-124.0703,10.0,"Paulatuk, NT, CA"
CN,PCLB,53.7155,-132.5211,492.0,"Port Clements, BC, CA"
CN,PFB,48.5747,-124.4541,449.0,"Port Renfrew, BC, CA"
CN,PGC,48.6498,-123.4521,12.0,"Sidney, BC, CA"
CN,PHC,50.7067,-127.433,32.0,"Port Hardy, BC, CA"
CN,PKLO,51.4987,-90.3522,376.2,"Pickle Lake, ON, CA"
CN,PLBC,59.455,-136.3659,285.0,"Pleasant Camp, BC, CA"
CN,PLSQ,46.1063,-71.8202,164.0,"Plessisville, QC, CA"
CN,PMAQ,49.8285,-64.3269,25.0,"Port Menier Anticosti Is, QC, CA"
CN,PNPO,48.5957,-86.2846,219.3,"Pukaskwa, ON, CA"
CN,PNT,49.3224,-119.6254,531.0,"Penticton, BC, CA"
CN,POIN,72.7012,-77.962,21.0,"Pond Inlet, NU, CA"
CN,PTRF,48.5442,-124.4131,164.0,"Port Renfrew PTRF, BC, CA"
CN,QCQ,46.7792,-71.2756,90.0,"Quebec City, QC, CA"
CN,QEPB,49.2419,-123.1141,128.0,"Queen Elizabeth Park, BC, CA"
CN,RDLQ,47.8352,-69.5376,55.0,"Riviere-du-Loup, QC, CA"
CN,RES,74.6892,-94.8962,19.0,"Resolute, NU, CA"
CN,RIGQ,45.4469,-74.2581,149.0,"Rigaud, QC, CA"
CN,RIMQ,48.4449,-68.482,124.0,"Rimouski, QC, CA"
CN,RISQ,48.4533,-68.5127,66.0,"Rimouski, QC, CA"
CN,ROUQ,47.4753,-69.9966,32.0,"Riviere-Ouelle, QC, CA"
CN,RUB,54.3259,-130.2867,53.0,"Prince Rupert, BC, CA"
CN,RUBB,54.3262,-130.2523,12.0,"Prince Rupert, BC, CA"
CN,SACHN,71.9871,-125.2472,32.0,"Sachs Harbour, NT, CA"
CN,SADO,44.7695,-79.1411,228.0,"Sadowa, ON, CA"
CN,SAKN,56.5359,-79.2324,2.0,"Sanikiluaq, NU, CA"
CN,SANQ,48.3249,-71.9886,296.0,"St-Andre-du-Lac-St-Jean, QC, CA"
CN,SCHQ,54.8324,-66.8332,497.5,"Schefferville, QC, CA"
CN,SELQ,47.4958,-69.362,459.0,"St-Eleuthere, QC, CA"
CN,SFA,47.124401,-70.826599,230.0,"Sept-Chutes, QC, CA"
CN,SFA,47.1246,-70.8266,227.0,"St-Ferreol-les-Neiges, QC, CA"
CN,SGRQ,46.1399,-70.5788,330.0,"St-Georges, QC, CA"
CN,SHB,49.5985,-123.8771,1129.0,"Sechelt, BC, CA"
CN,SHPB,49.3476,-126.2598,26.0,"Sharp Point, BC, CA"
CN,SILO,54.4792,-84.9126,195.0,"Sutton Inlier, ON, CA"
CN,SJNN,47.5951,-52.678,143.0,"St. Johns, NL, CA"
CN,SJUQ,45.5621,-73.3233,66.0,"Ste-Julie, QC, CA"
CN,SLBQ,46.7418,-70.016,412.0,"Ste-Lucie-de-Beauregard, QC, CA"
CN,SLEB,51.1685,-118.1326,2029.0,"Sale Mountain, BC, CA"
CN,SMQ,50.2225,-66.7025,344.0,"Ste-Marguerite, QC, CA"
CN,SNB,48.7751,-123.1723,402.0,"Saturna Island, BC, CA"
CN,SNFQ,48.888,-67.3511,65.0,"Sainte-Felicite, QC, CA"
CN,SOLO,50.0215,-92.0808,370.0,"Sioux Lookout, ON, CA"
CN,STJA,51.9372,-131.0155,41.8,"Cape St.James, BC, CA"
CN,STJN,47.5699,-52.7559,167.0,"St. Johns, NL, CA"
CN,STPQ,47.5262,-69.8049,50.0,"St-Pascal, QC, CA"
CN,SUBO,46.6115,-81.1321,281.0,"Sudbury, ON, CA"
CN,SUNO,46.6438,-81.3442,343.0,"Sudbury Onaping, ON, CA"
CN,SURQ,45.1675,-73.7081,60.0,"Ste-Clotilde, QC, CA"
CN,SYMB,48.5593,-123.7989,945.0,"Survey Mountain, BC, CA"
CN,TAHB,49.8925,-126.677,455.0,"Tahsis, BC, CA"
CN,TBO,48.6472,-89.4085,475.0,"Thunder Bay, ON, CA"
CN,TIMO,48.4659,-81.3032,392.0,"Timmins, ON, CA"
CN,TKWB,52.8597,-131.7501,10.0,"Talunkwan Haida Gwaii, BC, CA"
CN,TOFB,49.1543,-125.9078,13.0,"Tofino, BC, CA"
CN,TRQ,46.2175,-74.5514,863.8,"Mont-Tremblant, QC, CA"
CN,TRQ,46.2176,-74.5513,860.0,"Mont-Tremblant, QC, CA"
CN,TSUB,52.7551,-132.0415,314.0,"Tasu, BC, CA"
CN,TXB,49.698,-124.4376,492.0,"Texada Island, BC, CA"
CN,TXDB,49.6979,-124.4377,501.0,"Texada, BC, CA"
CN,UBRB,52.8918,-124.0832,1240.0,"Upper Baezaeko River, BC, CA"
CN,ULM,50.2503,-95.875,250.9,"Lac Du Bonnet, MB, CA"
CN,VABQ,45.9047,-75.6079,210.0,"Val Des Bois, QC, CA"
CN,VDB,49.0261,-122.1028,404.0,"Vedder Mountain, BC, CA"
CN,VDBQ,45.9277,-75.5697,204.0,"Val-Des-Bois, QC, CA"
CN,VDEB,49.057,-122.0571,351.0,"Vedder Mountain, BC, CA"
CN,VGZ,48.4131,-123.3251,67.0,"Victoria Gonzales, BC, CA"
CN,VIB,53.2522,-132.5406,1008.0,"Van Inlet, BC, CA"
CN,VIMO,52.8173,-83.7449,78.0,"Victor Mine, ON, CA"
CN,VLDQ,48.1901,-77.7572,316.0,"Val-dOr, QC, CA"
CN,WALA,49.059,-113.911,1400.0,"Waterton Lake, AB, CA"
CN,WBO,45.0012,-75.2753,840.0,"Williamsburg, ON, CA"
CN,WHY,60.6597,-134.8825,1273.0,"Whitehorse, YT, CA"
CN,WOSB,50.1608,-126.5704,961.0,"Woss, BC, CA"
CN,WPB,49.6478,-123.2094,260.0,"Watts Point, BC, CA"
CN,WSLR,50.1266,-122.9212,907.0,"Whistler, BC, CA"
CN,YKAB0,62.6059,-114.606,196.0,"Yellowknife Blue 10, NT, CA"
CN,YKAB1,62.4023,-114.6063,146.0,"Yellowknife Blue 1, NT, CA"
CN,YKAB2,62.4247,-114.6064,151.8,"Yellowknife Blue 2, NT, CA"
CN,YKAB3,62.4485,-114.6061,159.5,"Yellowknife Blue 3, NT, CA"
CN,YKAB4,62.4709,-114.6057,164.8,"Yellowknife Blue 4, NT, CA"
CN,YKAB6,62.5164,-114.6057,174.6,"Yellowknife Blue 6, NT, CA"
CN,YKAB7,62.5389,-114.6061,178.0,"Yellowknife Blue 7, NT, CA"
CN,YKAB8,62.5614,-114.6054,171.5,"Yellowknife Blue 8, NT, CA"
CN,YKAB9,62.5829,-114.6047,188.3,"Yellowknife Blue 9, NT, CA"
CN,YKAR1,62.4928,-114.9445,142.0,"Yellowknife Red 1, NT, CA"
CN,YKAR2,62.4928,-114.8959,146.2,"Yellowknife Red 2, NT, CA"
CN,YKAR3,62.4929,-114.8477,147.6,"Yellowknife Red 3, NT, CA"
CN,YKAR4,62.4927,-114.7998,150.1,"Yellowknife Red 4, NT, CA"
CN,YKAR5,62.4931,-114.7504,155.3,"Yellowknife Red 5, NT, CA"
CN,YKAR6,62.4932,-114.7019,162.0,"Yellowknife Red 6, NT, CA"
CN,YKAR7,62.4932,-114.6544,168.5,"Yellowknife Red 7, NT, CA"
CN,YKAR8,62.4931,-114.6061,168.0,"Yellowknife Red 8, NT, CA"
CN,YKAR9,62.493,-114.5564,172.6,"Yellowknife Red 9, NT, CA"
CN,YKAW1,62.4822,-114.4842,198.2,"Yellowknife White 1, NT, CA"
CN,YKAW3,62.5616,-114.6099,196.6,"Yellowknife White 3, NT, CA"
CN,YKB0,62.6059,-114.606,194.2,"Yellowknife, NT, CA"
CN,YKB1,62.4023,-114.6063,145.1,"Yellowknife, NT, CA"
CN,YKB2,62.4247,-114.6063,150.3,"Yellowknife, NT, CA"
CN,YKB3,62.4485,-114.6061,158.2,"Yellowknife, NT, CA"
CN,YKB4,62.4709,-114.6058,163.8,"Yellowknife, NT, CA"
CN,YKB6,62.5164,-114.6057,173.6,"Yellowknife, NT, CA"
CN,YKB7,62.5389,-114.6061,176.6,"Yellowknife, NT, CA"
CN,YKB8,62.5615,-114.6055,171.0,"Yellowknife, NT, CA"
CN,YKB9,62.583,-114.6039,213.1,"Yellowknife, NT, CA"
CN,YKR1,62.4928,-114.9445,141.1,"Yellowknife, NT, CA"
CN,YKR2,62.4928,-114.8959,145.0,"Yellowknife, NT, CA"
CN,YKR3,62.4929,-114.8476,146.2,"Yellowknife, NT, CA"
CN,YKR4,62.4927,-114.7998,148.9,"Yellowknife, NT, CA"
CN,YKR5,62.4932,-114.7504,154.2,"Yellowknife, NT, CA"
CN,YKR6,62.4932,-114.702,161.0,"Yellowknife, NT, CA"
CN,YKR7,62.4932,-114.6544,167.5,"Yellowknife, NT, CA"
CN,YKR8,62.4931,-114.6062,166.7,"Yellowknife, NT, CA"
CN,YKR9,62.493,-114.5565,171.7,"Yellowknife, NT, CA"
CN,YKW1,62.4822,-114.4843,170.7,"Yellowknife, NT, CA"
CN,YKW2,62.4337,-114.6038,143.8,"Yellowknife, NT, CA"
CN,YKW3,62.5616,-114.6099,170.3,"Yellowknife, NT, CA"
CN,YKW4,62.4925,-114.7432,160.6,"Yellowknife, NT, CA"
CN,YKW5,62.4822,-114.4843,170.7,"Yellowknife, NT, CA"
CN,YOUB,48.901,-124.2618,771.0,"Youbou Lake Cowichan, BC, CA"
CN,YUK1,62.1533,-140.5288,1532.0,"Sand Pete Hill, YT, CA"
CN,YUK2,61.7668,-140.8426,1229.0,"White River, YT, CA"
CN,YUK3,61.7755,-140.4595,2100.0,"Moose Creek, YT, CA"
CN,YUK4,61.4348,-138.5463,2009.0,"Talbot Arm, YT, CA"
CN,YUK5,61.1315,-137.8593,1619.0,"Granite Creek, YT, CA"
CN,YUK6,60.9432,-138.3626,2233.0,"Outpost Mountain, YT, CA"
CN,YUK7,60.5307,-138.1399,1992.0,"Dusty Glacier, YT, CA"
CN,YUK8,61.2844,-139.7646,2456.0,"Steele Glacier, YT, CA"
AT,AKUT,54.13517,-165.771851,19.2,"Akutan, Alaska"
AT,CHGN,56.301399,-158.414154,17.0,"Chignik, Alaska"
AT,CRAG,55.468941,-133.122971,57.9,"Craig, Alaska"
AT,DORN,61.067727,-148.165709,22.43,"Pt. Doran, Barry Arm, Alaska"
AT,ESTR,60.945218,-148.052883,3.86,"Esther Passage, Barry Arm, Alaska"
AT,MENT,62.938049,-143.719421,702.0,"Mentasta, Alaska"
AT,MID,59.427799,-146.338806,37.0,"Middleton Island, Alaska"
AT,NSHR,61.037669,-148.115133,0.0,"North Shore, Barry Arm, Alaska"
AT,OHAK,57.2225,-153.287506,77.5,"Old Harbor, Alaska"
AT,PMR,61.592201,-149.130798,100.0,"Palmer, Alaska"
AT,SDPT,55.3493,-160.476593,74.0,"Sand Point, Alaska"
AT,SIT,57.0569,-135.324402,19.0,"Sitka, Alaska"
AT,SKAG,59.460098,-135.328964,134.0,"Skagway, Alaska"
AT,SMY,52.730801,174.103104,58.0,"Shemya, Alaska"
AT,SVW2,61.1082,-155.621704,498.8,"Sparrevohn, Alaska"
AT,TTA,62.930099,-156.011597,990.0,"Tatalina, Alaska"
AT,YKU2,59.5121,-139.671036,10.1,"Yakutat, Alaska"
